trip_id,n_trips,vkm,ave_nbr_vehicles,trips_per_vehicle,vkt,energy_kWh,energy_kWh_per_vehicle
trip_0001,158.0,1942.4708128394523,3.5879166666666666,44.03669724770642,541.3923993513744,776.988325135781,216.55695974054976
trip_0003,90.0,1479.0378104573497,4.797058823529412,18.7614960147149,308.32179985009134,591.61512418294,123.3287199400365
trip_0005,32.5,716.2488262827233,1.4111545138888888,23.03078768492603,507.56229685214964,286.49953051308927,203.02491874085987
trip_0007,66.0,1682.9465008780708,4.762352941176471,13.858695652173912,353.38550537212456,673.1786003512284,141.35420214884982
trip_0009,116.0,2710.469922577321,5.5933986928104575,20.73873263300576,484.5837158115076,1084.1879690309283,193.8334863246031
trip_0011,87.0,1434.9342195867805,3.147037037037037,27.64505119453925,455.9635627732502,573.9736878347122,182.38542510930012
trip_0013,192.0,5165.329162127814,9.389803921568628,20.447711326428333,550.0997896519348,2066.1316648511256,220.03991586077393
trip_0015,83.71428571428572,1014.9220359917995,4.552140452140452,18.390092879256965,222.95490366835563,405.9688143967198,89.18196146734226
trip_0017,132.0,4324.593328536645,5.739411764705881,22.998872604284102,753.4906896087216,1729.837331414658,301.39627584348864
trip_0019,80.0,480.70115721540026,0.8038095238095239,99.5260663507109,598.0286908485429,192.28046288616008,239.21147633941715
trip_0021,132.0,497.60317140364873,2.077058823529412,63.55140186915887,239.57105391849416,199.0412685614595,95.82842156739767
trip_0023,114.0,1596.178287120672,3.854285714285714,29.577464788732396,414.1307638934286,638.4713148482688,165.65230555737145
trip_0025,132.0,1036.5578654802457,2.767254901960784,47.70070148090413,374.5798280981544,414.6231461920983,149.83193123926176
trip_0027,116.0,1232.8557849722538,4.122549019607843,28.137931034482758,299.0518194225205,493.14231398890144,119.62072776900823
trip_0029,132.0,2183.832358469452,7.439019607843138,17.74427370252247,293.5645385538419,873.532943387781,117.42581542153675
trip_0031,70.0,1258.5953273569637,2.5302083333333334,27.6657060518732,497.4275480702696,503.43813094278545,198.97101922810785
trip_0033,48.0,568.1789132487828,1.032280701754386,46.498980285520055,550.4112517875701,227.27156529951316,220.16450071502805
trip_0035,66.0,1018.8649519007604,2.623823529411765,25.154130702836003,388.31306316137045,407.5459807603042,155.3252252645482
trip_0037,54.0,1151.8990553065364,4.345588235294118,12.426395939086294,265.0732174647867,460.7596221226146,106.0292869859147
trip_0039,66.0,1594.3525760644188,2.6090625,25.296442687747035,611.0825540072034,637.7410304257676,244.43302160288135
trip_0041,132.0,1777.4978837907067,4.318039215686275,30.56943056943057,411.64468292310437,710.9991535162827,164.65787316924175
trip_0043,120.0,627.5169422666474,2.44,49.18032786885246,257.17907469944566,251.006776906659,102.87162987977828
trip_0045,76.0,1371.1222699409843,3.215286195286195,23.63708714683645,426.4386392574113,548.4489079763937,170.57545570296452
trip_0047,132.0,1648.4999955158337,3.2698039215686276,40.36939313984169,504.1586697727722,659.3999982063334,201.66346790910893
trip_0049,44.8,1704.3246925641356,2.5168888888888885,17.79975278121137,677.1553166641896,681.7298770256543,270.8621266656758
trip_0051,138.0,1531.3108948899276,2.6194444444444445,52.68292682926829,584.5937668720826,612.524357955971,233.8375067488331
trip_0053,56.0,737.0858627039062,2.6115032679738563,21.443587946741417,282.24581287841033,294.8343450815625,112.89832515136415
trip_0055,83.0,2044.0647831295928,3.0113117283950617,27.56273925988941,678.7954776834139,817.6259132518371,271.5181910733656
trip_0057,5.999999999999999,128.40407073005494,0.7191666666666666,8.342989571263036,178.54563716809494,51.361628292021976,71.41825486723798
trip_0059,62.0,1125.0426445167082,3.366437908496732,18.417092988263615,334.1937903197778,450.0170578066834,133.67751612791113
trip_0061,11.6,413.0269684509841,1.2465396825396826,9.30576070901034,331.3388047217949,165.21078738039364,132.53552188871797
trip_0063,144.0,2604.632407714987,6.414736842105263,22.448309812930752,406.0388558137903,1041.8529630859948,162.4155423255161
trip_0065,65.0,806.6286432250092,2.1879084967320264,29.70873786407767,368.67567561889894,322.6514572900038,147.4702702475596
trip_0067,5.5,260.99564217778004,0.565,9.734513274336283,461.939189695186,104.39825687111204,184.7756758780744
trip_0069,132.00000000000003,1545.9260250125983,3.2849019607843135,40.1838476690742,470.61557497548205,618.3704100050393,188.24622999019283
trip_0071,204.0,2104.4504192172362,6.33,32.22748815165877,332.45662230920004,841.7801676868945,132.98264892368002
trip_0073,96.0,414.93932104414614,1.527843137254902,62.83367556468173,271.5850278908041,165.9757284176585,108.63401115632165
trip_0075,50.0,1284.3120430651534,1.9583333333333333,25.53191489361702,655.818915607738,513.7248172260614,262.3275662430952
trip_0077,90.0,1919.829144067376,3.610526315789474,24.92711370262391,531.7311040419846,767.9316576269505,212.69244161679384
trip_0079,90.0,811.2318391409134,2.3161764705882355,38.857142857142854,350.2461273751245,324.49273565636537,140.0984509500498
trip_0081,120.0,2271.0498551787905,5.504444444444443,21.800565199838516,412.58475366590864,908.4199420715161,165.0339014663635
trip_0083,46.0,369.27468078889854,2.1921875,20.983606557377048,168.45031767989667,147.70987231555944,67.38012707195867
trip_0085,120.0,1629.4001999741754,2.92,41.09589041095891,558.0137671144438,651.7600799896702,223.2055068457775
trip_0087,72.0,1489.2657407029878,3.1573333333333333,22.804054054054053,471.684672942247,595.7062962811951,188.6738691768988
trip_0089,138.0,2444.8594673717375,7.160666666666667,19.271948608137045,341.42902905293795,977.9437869486951,136.57161162117518
trip_0091,62.0,1408.8526273730713,3.364411764705882,18.428184281842817,418.75154585789335,563.5410509492285,167.50061834315736
trip_0093,120.0,2017.4907408453594,2.723809523809524,44.05594405594406,740.687160100569,806.9962963381438,296.27486404022767
trip_0095,48.0,495.74600681136246,1.9113725490196078,25.112843660237996,259.3664992550214,198.29840272454499,103.74659970200858
trip_0097,98.0,2022.7246030689212,2.384093567251462,41.105769230769226,848.4250076647996,809.0898412275685,339.37000306591983
trip_0099,48.0,794.9127656648284,1.987450980392157,24.15153906866614,399.965973252824,317.96510626593135,159.98638930112963
trip_0101,52.4,1207.7179388047887,1.8558333333333332,28.235294117647054,650.7685346051848,483.0871755219155,260.3074138420739
trip_0103,27.0,212.0159454514341,1.2595,21.437078205637157,168.33342235127756,84.80637818057363,67.33336894051104
trip_0105,132.0,2081.4776205765975,4.216666666666667,31.304347826086957,493.63105626322476,832.591048230639,197.4524225052899
trip_0107,180.0,242.78847391829083,0.7733333333333333,232.75862068965517,313.95061282537614,97.11538956731633,125.58024513015043
trip_0109,44.57142857142857,654.3019822065239,3.0362464985994397,14.679779323578796,215.49699028334507,261.7207928826096,86.19879611333803
trip_0111,66.0,1738.799819992603,4.337450980392157,15.216310293386373,400.8805696832094,695.5199279970412,160.35222787328377
trip_0113,132.0,1508.4183615409738,4.689019607843138,28.1508739650414,321.6916301688955,603.3673446163895,128.67665206755817
trip_0115,54.8,154.54771520556415,1.2106143790849675,45.26627218934911,127.66056464848677,61.81908608222567,51.06422585939472
trip_0117,126.0,3106.7448900783234,3.5952777777777776,35.04597079502434,864.1181800418731,1242.6979560313293,345.64727201674924
trip_0119,78.0,732.2334020200645,1.9560185185185186,39.87692307692307,374.3489108552282,292.89336080802576,149.73956434209128
trip_0121,92.0,1273.6316920686202,1.819236111111111,50.57067603160668,700.0914748172743,509.45267682744804,280.03658992690964
trip_0123,96.0,1787.9936211085094,3.1231372549019607,30.738322451029635,572.4992131876819,715.1974484434038,228.99968527507278
trip_0125,50.57142857142857,381.2956410109074,0.6205742296918767,81.49134487350199,614.4239041318644,152.51825640436294,245.76956165274584
trip_0127,132.0,2254.598293245748,4.581176470588235,28.813559322033896,492.14395204388444,901.8393172982994,196.8575808175538
trip_0129,96.0,1086.646943042295,2.6133333333333333,36.734693877551024,415.80877922536797,434.65877721691805,166.3235116901472
trip_0131,84.0,1400.4494523555618,3.308333333333333,25.3904282115869,423.30965814273907,560.1797809422247,169.32386325709564
trip_0133,80.99999999999999,754.3036201684234,1.47515625,54.90943755958055,511.3381176864644,301.72144806736935,204.53524707458578
trip_0135,132.0,502.33407132129133,1.4041176470588235,94.00921658986175,357.7578220553813,200.93362852851655,143.10312882215257
trip_0137,56.0,962.6566178717753,2.1402614379084968,26.1650277896537,449.7845921162329,385.06264714871014,179.91383684649315
trip_0139,75.19999999999999,521.3072282016889,2.8687407407407406,26.21359223300971,181.71988175797355,208.52289128067557,72.68795270318944
trip_0141,126.0,1611.4203191362149,3.3775,37.30569948186529,477.104461624342,644.568127654486,190.8417846497368
trip_0143,138.0,2354.175708043874,6.1439814814814815,22.461005199306758,383.1677740467763,941.6702832175497,153.2671096187105
trip_0145,66.0,351.83788211570203,1.092450980392157,60.41461006910168,322.0628553872531,140.7351528462808,128.82514215490124
trip_0147,88.0,1447.7090746491122,2.4566666666666666,35.82089552238806,589.2981307933971,579.083629859645,235.7192523173589
trip_0149,120.0,2159.4698396894864,5.028888888888889,23.862129916040658,429.4129155370167,863.7879358757947,171.7651662148067
trip_0151,48.0,432.8074028510363,1.0737777777777777,44.70198675496689,403.0698081187217,173.12296114041453,161.2279232474887
trip_0153,120.0,388.0228265443402,1.2784313725490195,93.86503067484664,303.51478763437655,155.20913061773612,121.40591505375063
trip_0155,75.2,1421.2955521192025,2.7538518518518518,27.307206068268012,516.111842096168,568.518220847681,206.44473683846718
trip_0157,204.0,2174.1141266579452,7.28,28.021978021978022,298.64205036510236,869.6456506631781,119.45682014604095
trip_0159,76.8,780.8561345624837,1.704156862745098,45.06627393225332,458.2067247639758,312.34245382499347,183.2826899055903
trip_0161,116.0,1926.0462940661694,7.881176470588235,14.718614718614718,244.3856321773763,770.4185176264677,97.75425287095052
trip_0163,132.0,1273.1183615312743,3.20078431372549,41.23989218328841,397.75199974329206,509.2473446125098,159.10079989731682
trip_0165,114.0,1677.0327930693134,4.903809523809524,23.247232472324722,341.98571231749446,670.8131172277253,136.7942849269978
trip_0167,88.00000000000001,2172.7583528485743,5.662962962962963,15.53956834532374,383.678715022312,869.1033411394299,153.4714860089248
trip_0169,120.0,1547.0905781965735,3.392156862745098,35.3757225433526,456.07872536430773,618.8362312786294,182.4314901457231
trip_0171,96.0,1438.8406759553104,2.969411764705882,32.329635499207605,484.55411036529864,575.5362703821241,193.82164414611944
trip_0173,168.0,554.9661756454467,2.949333333333333,56.962025316455694,188.1666508743603,221.98647025817866,75.26666034974413
trip_0175,41.0,750.4355199505331,1.0300617283950617,39.8034398034398,728.5345132857095,300.1742079802133,291.4138053142839
trip_0177,116.0,1053.9775512480385,2.9511764705882353,39.306358381502896,357.138097891502,421.5910204992155,142.85523915660082
trip_0179,29.599999999999998,267.88448339770525,0.8594962962962963,34.43877551020408,311.6761346756947,107.1537933590821,124.6704538702779
trip_0181,129.0,1486.7519424883155,4.256565656565656,30.306122448979593,349.28439085510973,594.7007769953264,139.7137563420439
trip_0183,96.0,541.6510834334548,1.5435294117647058,62.19512195121952,350.9172415536864,216.66043337338192,140.36689662147458
trip_0185,132.0,2697.55270391923,5.489215686274509,24.047151277013754,491.4277117338123,1079.021081567692,196.57108469352497
trip_0187,120.0,2155.555418200557,4.495555555555556,26.693030153237768,479.48588145835436,862.2221672802231,191.79435258334178
trip_0189,74.0,1279.130206509422,2.515486111111111,29.417773237997956,508.50219401307663,511.6520826037688,203.40087760523068
trip_0191,92.0,1637.5690488488287,5.206944444444445,17.66871165644172,314.4971232785161,655.0276195395315,125.79884931140644
trip_0193,84.0,595.6609421021294,1.644313725490196,51.085141903171944,362.2550446840997,238.2643768408518,144.9020178736399
trip_0195,120.0,667.762482317433,3.4844444444444442,34.43877551020408,191.64101852222248,267.10499292697324,76.656407408889
trip_0197,5.333333333333334,56.626089169447354,0.5037037037037037,10.588235294117647,112.41944173346167,22.650435667778943,44.967776693384664
trip_0199,126.0,1747.329989361335,3.8072222222222223,33.0949948927477,458.9514053480816,698.931995744534,183.58056213923265
trip_0201,74.0,2590.5435724933914,4.553055555555556,16.252821670428894,568.9681447731199,1036.2174289973566,227.58725790924797
trip_0203,84.0,860.7175540148176,2.4033333333333333,34.95145631067961,358.13490458314186,344.28702160592707,143.25396183325674
trip_0205,132.0,1812.1737737622843,4.078627450980393,32.363828662083556,444.30970848457525,724.8695095049138,177.7238833938301
trip_0207,111.0,867.2311907151967,2.350808080808081,47.21780604133545,368.9076951007798,346.89247628607876,147.56307804031192
trip_0209,84.0,851.8593862585008,2.344313725490196,35.83138173302108,363.372605379588,340.7437545034003,145.34904215183522
trip_0211,45.0,725.1290211371332,6.55625,6.863679694947569,110.60118530213663,290.0516084548533,44.24047412085466
trip_0213,120.0,1172.9045887359866,3.86,31.088082901554404,303.8612924186494,469.16183549439467,121.54451696745976
trip_0215,40.0,870.642964942888,2.5948148148148147,15.415358264344848,335.53183062315134,348.2571859771553,134.21273224926054
trip_0217,114.0,2035.788947352627,5.329313725490196,21.391121985319817,381.99833078233223,814.315578941051,152.7993323129329
trip_0219,108.0,1801.494777691285,3.485294117647059,30.9873417721519,516.884577565432,720.597911076514,206.75383102617283
trip_0221,92.0,1549.2204518884873,5.216339869281046,17.636887608069163,296.9937716312975,619.688180755395,118.797508652519
trip_0223,75.2,685.7186437009807,2.023901234567901,37.15596330275229,338.8103292734935,274.2874574803923,135.5241317093974
trip_0225,78.0,948.0789373668142,2.058333333333333,37.89473684210527,460.6051517571566,379.2315749467257,184.24206070286266
trip_0227,116.0,884.5097569964482,3.225614035087719,35.96214511041009,274.2143813162055,353.80390279857926,109.6857525264822
trip_0229,96.0,1659.242941158414,10.556666666666667,9.093779602147142,157.17489180534392,663.6971764633656,62.869956722137566
trip_0231,65.0,1479.6341288563167,3.549922839506173,18.310257134783836,416.8074056117083,591.8536515425267,166.72296224468332
trip_0233,54.800000000000004,588.9233539699078,1.7183202614379085,31.891610213652946,342.7320082212675,235.56934158796315,137.092803288507
trip_0235,216.0,5230.630306132875,7.4,29.18918918918919,706.8419332611993,2092.25212245315,282.7367733044797
trip_0237,74.0,1934.2335897208186,3.333627450980392,22.19804134929271,580.2188811326162,773.6934358883273,232.08755245304647
trip_0239,70.8,863.7389368496692,1.985176470588235,35.66433566433566,435.09428488930837,345.4955747398677,174.03771395572335
trip_0241,74.0,1299.498913914339,3.2953125,22.45614035087719,394.34770265774154,519.7995655657356,157.73908106309665
trip_0243,84.0,1367.3163457693086,2.9183333333333334,28.7835522558538,468.52644629445183,546.9265383077235,187.41057851778075
trip_0245,210.0,4101.549756152159,7.0633333333333335,29.73100519112789,580.6818909134722,1640.6199024608636,232.27275636538891
trip_0247,132.0,2223.2987071640614,5.905490196078431,22.35208181154127,376.47995904564425,889.3194828656247,150.5919836182577
trip_0249,10.0,226.05942361834778,1.2828703703703703,7.79501984843017,176.21376940297048,90.42376944733911,70.4855077611882
trip_0251,65.0,3066.964561907288,3.4787037037037036,18.685121107266433,881.6400657066466,1226.7858247629151,352.6560262826586
trip_0253,132.0,1538.7386475151845,2.635686274509804,50.08183306055646,583.8094853688024,615.4954590060738,233.52379414752096
trip_0255,112.0,2021.8559700597293,4.225925925925926,26.503067484662576,478.4409394532224,808.7423880238916,191.376375781289
trip_0257,70.0,1938.7760540035217,5.059201388888889,13.836175834734567,383.21780553379386,775.5104216014088,153.28712221351753
trip_0259,132.0,962.9797079673879,2.4286274509803922,54.351687388987564,396.51190946501526,385.1918831869552,158.6047637860061
trip_0261,92.0,602.906682871472,1.0110416666666666,90.99526066350711,596.3222909093478,241.16267314858877,238.52891636373914
trip_0263,66.0,1701.5955597453562,2.8783333333333334,22.929936305732486,591.173906107246,680.6382238981425,236.46956244289842
trip_0265,76.8,1963.6813278210536,3.3982745098039215,22.59970457902511,577.8465871888486,785.4725311284215,231.13863487553948
trip_0267,57.2,1335.3237440852838,3.9227901234567906,14.58145814581458,340.4015259701397,534.1294976341136,136.16061038805586
trip_0269,100.0,1995.221012268118,2.175925925925926,45.95744680851063,916.9526354253478,798.0884049072472,366.78105417013916
trip_0271,137.99999999999997,1795.4051248955711,5.591555555555556,24.6800731261426,321.092244735318,718.1620499582284,128.43689789412718
trip_0273,88.0,2192.2968266102416,3.9567407407407407,22.240527182866558,554.0663314220134,876.9187306440967,221.62653256880535
trip_0275,119.99999999999997,1442.7370506956659,8.095555555555556,14.822948119681582,178.2134704400356,577.0948202782664,71.28538817601425
trip_0277,102.0,1725.5860583681651,4.596666666666667,22.189992748368383,375.39943256740355,690.234423347266,150.15977302696143
trip_0279,88.8,783.644246952919,3.170392156862745,28.009153318077804,247.175809231238,313.4576987811676,98.8703236924952
trip_0281,132.0,1285.5787334796082,3.196470588235294,41.29554655870445,402.1869427521777,514.2314933918433,160.87477710087109
trip_0283,216.0,4839.96916837359,5.741052631578947,37.62376237623762,843.0456013852056,1935.9876673494362,337.21824055408223
trip_0285,86.0,1191.8164662108873,4.12536398467433,20.846645367412144,288.89971179233373,476.7265864843549,115.55988471693351
trip_0287,120.0,1054.5048639235956,3.2422222222222223,37.011651816312536,325.24139051790127,421.8019455694382,130.09655620716052
trip_0289,116.0,1557.743234987319,6.0539869281045755,19.160926737633062,257.30865518651325,623.0972939949276,102.92346207460531
trip_0291,96.0,424.0086966727478,1.4964705882352942,64.15094339622641,283.33914478917893,169.60347866909913,113.33565791567159
trip_0293,96.0,463.00472959356864,1.1294117647058823,85.0,409.95210432763884,185.20189183742747,163.98084173105556
trip_0295,115.99999999999997,2043.1455667199168,5.0513071895424835,22.964352720450282,404.478581494659,817.2582266879668,161.79143259786366
trip_0297,98.0,902.3069937043022,3.073777777777778,31.882591093117412,293.5498461299421,360.92279748172086,117.41993845197688
trip_0299,75.2,1919.0223103106773,3.211086419753087,23.41886519696422,597.6239999352739,767.608924124271,239.04959997410955
trip_0301,46.0,370.7477627543582,0.790625,58.18181818181818,468.92997660630283,148.2991051017433,187.57199064252114
trip_0303,56.0,1083.9275927795936,2.5291503267973856,22.141823444283645,428.5738104591632,433.5710371118373,171.4295241836653
trip_0305,192.0,901.0267700297426,1.7129411764705882,112.08791208791209,526.0115072289019,360.41070801189704,210.40460289156076
trip_0307,58.800000000000004,359.07461881677506,1.5651176470588237,37.569060773480665,229.42340436295623,143.62984752671005,91.7693617451825
trip_0309,45.5,1729.9654860390776,3.527829861111111,12.897447380206001,490.3766774892638,691.9861944156312,196.15067099570553
trip_0311,84.0,1433.1621657345247,2.736862745098039,30.692076228686062,523.6514576046766,573.2648662938099,209.46058304187065
trip_0313,31.666666666666664,284.1570402227451,0.5963888888888889,53.09734513274337,476.46266641913473,113.66281608909803,190.5850665676539
trip_0315,62.0,100.62889600393143,0.2773684210526316,223.52941176470588,362.7986762950089,40.251558401572574,145.11947051800357
trip_0317,70.0,2148.5657767634875,3.68537037037037,18.994020400984876,582.9986028100514,859.426310705395,233.19944112402055
trip_0319,33.0,261.3357870590189,0.6357352941176471,51.908396946564885,411.07641730310627,104.53431482360756,164.43056692124253
trip_0321,310.0,995.291143351362,3.981372549019608,77.86259541984732,249.98694070878832,398.11645734054486,99.99477628351534
trip_0323,96.0,2192.49833622415,5.36156862745098,17.905207723815096,408.92852233554584,876.9993344896601,163.57140893421837
trip_0325,40.0,668.5232134250017,1.1834920634920636,33.798283261802574,564.8734233607177,267.4092853700007,225.94936934428705
trip_0327,96.0,822.5789079446247,2.383703703703704,40.27346177750155,345.0843771675709,329.0315631778499,138.03375086702837
trip_0329,74.0,1324.8166869414686,2.7030555555555558,27.376425855513308,490.1181865162149,529.9266747765874,196.04727460648598
trip_0331,66.0,630.7124085426735,2.18921568627451,30.147783251231527,288.0997119182835,252.28496341706943,115.23988476731338
trip_0333,92.00000000000001,3323.304846998535,5.191428571428571,17.721518987341774,640.1522820305378,1329.321938799414,256.0609128122152
trip_0335,88.0,677.8369437585279,2.5503703703703704,34.50479233226837,265.7798065855396,271.1347775034112,106.31192263421583
trip_0337,92.0,1633.927050130951,3.886041666666667,23.674475955610358,420.4605071907235,653.5708200523804,168.18420287628942
trip_0339,126.0,1848.0824313681514,4.4625,28.235294117647058,414.13611907409563,739.2329725472607,165.65444762963827
trip_0341,46.285714285714285,320.9620397872069,1.6514285714285712,28.027681660899656,194.35417634173427,128.38481591488275,77.74167053669372
trip_0343,204.0,5425.331404653549,11.14,18.31238779174147,487.0135910820061,2170.13256186142,194.80543643280248
trip_0345,65.99999999999999,359.66344012912685,2.9915686274509805,22.062004325883198,120.22570260592168,143.86537605165074,48.09028104236867
trip_0347,26.0,458.21422712298556,1.685751633986928,15.423387096774194,271.81597685257753,183.28569084919422,108.72639074103101
trip_0349,114.00000000000003,383.5408006354196,1.1380208333333333,100.17391304347827,337.0244106270048,153.41632025416783,134.80976425080195
trip_0351,52.0,1107.418328809104,2.1469005847953215,24.22096317280453,515.8218953648854,442.9673315236415,206.3287581459542
trip_0353,96.0,1072.6952372647565,2.0486274509803923,46.86064318529861,523.616549583677,429.0780949059026,209.44661983347086
trip_0355,60.0,1048.4292703321482,6.142857142857143,9.767441860465116,170.67453237965202,419.3717081328593,68.26981295186081
trip_0357,87.0,1859.1149553176033,3.7887962962962964,22.962437987243092,490.68749278892733,743.6459821270414,196.27499711557095
trip_0361,44.0,488.3858811691387,0.7367283950617284,59.72350230414746,662.9117113481396,195.35435246765547,265.1646845392559
trip_0363,88.0,936.9189448497007,3.441777777777778,25.56818181818182,272.2194764865478,374.7675779398803,108.88779059461913
trip_0365,66.0,1048.9295219349938,2.538627450980392,25.998300764655905,413.1876544271621,419.57180877399753,165.27506177086488
trip_0367,39.0,696.5503294337053,1.681078431372549,23.19939347990902,414.3473120793022,278.6201317734821,165.73892483172088
trip_0369,42.39999999999999,886.1572977599799,2.111166666666667,20.0836820083682,419.7476740001484,354.46291910399196,167.89906960005933
trip_0371,52.8,1062.2333281191075,2.700392156862745,19.552715654952078,393.36261787739244,424.893331247643,157.34504715095696
trip_0373,96.0,744.5291505597143,1.8368627450980393,52.26302305721606,405.32650169241487,297.8116602238857,162.13060067696597
trip_0375,180.0,291.3810850454605,1.1366666666666667,158.35777126099708,256.34699564116767,116.55243401818421,102.53879825646705
trip_0377,56.0,832.5906143792704,2.344313725490196,23.88758782201405,355.1532396565974,333.0362457517082,142.06129586263899
trip_0379,192.0,2048.0942702548487,5.04,38.095238095238095,406.3679107648508,819.2377081019393,162.54716430594033
trip_0381,120.0,2938.6356442843276,6.5088888888888885,18.436326391259815,451.48038235846616,1175.454257713731,180.59215294338645
trip_0383,192.0,1758.3497372061793,6.91764705882353,27.755102040816325,254.18321031041708,703.3398948824718,101.67328412416684
trip_0385,114.0,746.1437624418514,2.562738095238095,44.48367166813769,291.1510012780021,298.4575049767406,116.46040051120086
trip_0387,98.0,1693.0639336232703,4.697777777777778,20.86092715231788,360.39676921971227,677.2255734493081,144.1587076878849
trip_0389,56.0,1128.16852992665,1.7339869281045752,32.29551451187335,650.6211273229455,451.26741197065996,260.2484509291782
trip_0391,192.0,615.9691042603071,2.973333333333333,64.57399103139014,207.16449694853378,246.38764170412287,82.86579877941351
trip_0393,96.0,1280.2046814748091,4.16156862745098,23.06822465133811,307.6255124162046,512.0818725899237,123.05020496648186
trip_0395,132.0,1932.1753780573845,3.901764705882353,33.83084577114428,495.2055092262255,772.870151222954,198.08220369049022
trip_0397,138.0,1926.823694642439,3.9419444444444443,35.008103727714754,488.80031715261657,770.7294778569757,195.52012686104666
trip_0399,126.0,696.0978297867443,2.3909375,52.698993595608414,291.1401196337187,278.4391319146977,116.45604785348748
trip_0401,72.0,1610.473233137228,5.585806451612903,12.88981288981289,288.3152588776511,644.1892932548911,115.32610355106046
trip_0403,52.99999999999999,517.5278835868821,1.0388368055555555,51.01860053144375,498.1801576717484,207.01115343475286,199.27206306869937
trip_0405,96.0,452.2867363153439,1.2219607843137255,78.5622593068036,370.13195686910365,180.91469452613757,148.05278274764146
trip_0407,54.0,680.075521753662,1.5970588235294119,33.812154696132595,425.8299767886649,272.0302087014648,170.33199071546596
trip_0409,29.5,383.91732445151683,1.2501649305555556,23.59688652191725,307.09334030103486,153.56692978060676,122.83733612041395
trip_0411,108.0,1326.392678841939,2.6894117647058824,40.15748031496063,493.190628615769,530.5570715367755,197.2762514463076
trip_0413,57.5,1338.283591595687,3.791084229390681,15.167164990486546,353.00813978769906,535.3134366382749,141.20325591507964
trip_0415,120.0,1412.2009765201178,5.6466666666666665,21.25147579693034,250.09462394098898,564.8803906080473,100.0378495763956
trip_0417,110.0,411.5324509072402,2.0625,53.333333333333336,199.5308852883589,164.61298036289608,79.81235411534355
trip_0419,204.0,3083.9053541873764,6.486666666666666,31.44912641315519,475.42220259825945,1233.5621416749505,190.16888103930378
trip_0421,45.0,552.1257358053588,1.4838235294117648,30.327056491575817,372.09663067159954,220.85029432214347,148.83865226863983
trip_0423,116.0,1685.9730310066386,2.659281045751634,43.6208125445474,633.9958063853705,674.3892124026556,253.5983225541482
trip_0425,92.0,357.6487047611026,1.8911111111111112,48.648648648648646,189.12093671268644,143.05948190444104,75.64837468507457
trip_0427,96.0,872.0853557283142,2.374901960784314,40.4227212681638,367.20899225680336,348.83414229132563,146.88359690272134
trip_0429,115.99999999999997,451.2816885259857,2.3768627450980393,48.80382775119617,189.86442925940662,180.5126754103943,75.94577170376266
trip_0431,84.0,1864.596740967822,3.9350980392156862,21.34635507499128,473.8374298139365,745.8386963871287,189.5349719255746
trip_0433,204.0,3517.703407102035,7.36,27.717391304347824,477.94883248668947,1407.0813628408139,191.1795329946758
trip_0435,50.0,1191.6486836410218,2.628086419753086,19.025249559600706,453.42827187280216,476.6594734564088,181.37130874912089
trip_0437,66.0,603.7005081173813,2.8622916666666667,23.058446757405925,210.9150912703567,241.48020324695256,84.36603650814268
trip_0439,95.99999999999999,1717.809370223714,6.993333333333333,13.727359389895138,245.6352769623995,687.1237480894857,98.2541107849598
trip_0441,14.75,556.5720135348886,1.4178949652777777,10.402745168864005,392.53402202881176,222.62880541395543,157.01360881152473
trip_0443,204.0,3468.8572779565848,9.696666666666667,21.038157442420076,357.7370860732126,1387.5429111826343,143.09483442928504
trip_0445,69.0,460.9048426327509,1.195787037037037,57.702582368655385,385.4405745815719,184.36193705310038,154.17622983262876
trip_0447,48.0,146.053577248449,0.3552941176470588,135.09933774834437,411.0779492092107,58.4214308993796,164.43117968368432
trip_0449,96.0,1002.1861141302747,3.974901960784314,24.15153906866614,252.12851134887535,400.8744456521099,100.85140453955015
trip_0451,94.0,2010.4490619785488,2.698148148148148,34.83870967741935,745.1218211862844,804.1796247914197,298.0487284745138
trip_0453,96.0,392.61498644990957,1.112156862745098,86.31875881523273,353.02123252724596,157.04599457996386,141.2084930108984
trip_0455,126.0,712.3244177455298,2.1330555555555555,59.070191431175935,333.945553312138,284.929767098212,133.57822132485518
trip_0457,126.0,1961.4763790649101,4.83,26.08695652173913,406.10276999273503,784.590551625964,162.44110799709404
trip_0459,147.0,2557.6320421765595,5.013076923076923,29.323308270676694,510.1920599707729,1023.0528168706238,204.07682398830917
trip_0461,132.0,3620.235155117531,8.713725490196078,15.14851485148515,415.46353040277694,1448.0940620470124,166.18541216111078
trip_0463,132.0,1787.630302936311,4.54235294117647,29.05982905982906,393.54720473863364,715.0521211745245,157.41888189545347
trip_0465,56.0,969.0630785215412,1.429281045751634,39.18053777208707,678.0073669919326,387.6252314086165,271.202946796773
trip_0467,116.00000000000003,1501.705602872966,4.240065359477124,27.35806884219938,354.1703902078889,600.6822411491864,141.66815608315557
trip_0469,132.0,1314.8258644699224,2.9009803921568627,45.501858736059475,453.23500566384627,525.930345787969,181.29400226553852
trip_0471,96.0,1460.9893902965875,4.613333333333333,20.809248554913296,316.68845165388456,584.3957561186351,126.67538066155383
trip_0473,132.0,780.2609788455464,2.0554901960784315,64.21825813221406,379.5984920454342,312.1043915382186,151.8393968181737
trip_0475,120.0,1919.727498562609,6.613333333333333,18.14516129032258,290.2813757907171,767.8909994250436,116.11255031628683
trip_0477,56.0,700.506126260108,1.8407407407407408,30.422535211267608,380.5566480688715,280.2024505040432,152.2226592275486
trip_0479,96.0,1666.09133756965,2.3984313725490196,40.02616088947024,694.6587493137031,666.43653502786,277.86349972548123
trip_0481,82.5,1299.6825535433459,3.7263888888888888,22.1393961982855,348.7780240593399,519.8730214173384,139.51120962373597
trip_0483,58.8,391.76516944578685,1.0597450980392156,55.48504079782411,369.67868043989733,156.70606777831478,147.87147217595893
trip_0485,88.0,2053.8533525310477,5.131805555555555,17.147960702590055,400.22041566005964,821.5413410124191,160.08816626402387
trip_0487,96.0,891.440966575569,2.156862745098039,44.50909090909091,413.30444813958195,356.5763866302276,165.3217792558328
trip_0489,132.0,1732.3865180605499,4.365490196078431,30.23715415019763,396.83665298728005,692.95460722422,158.73466119491204
trip_0491,115.99999999999997,2472.865214880717,4.676013071895425,24.8074584515606,528.8405265039902,989.1460859522869,211.53621060159608
trip_0493,132.0,4323.40179197755,6.153529411764706,21.45110410094637,702.5889538630947,1729.36071679102,281.0355815452379
trip_0495,83.0,2059.3208516878863,2.280962962962963,36.38814016172507,902.8295878214681,823.7283406751545,361.1318351285872
trip_0497,66.0,822.4559666742874,2.190294117647059,30.13293943870015,375.50023992111954,328.98238666971497,150.2000959684478
trip_0501,135.0,878.193683316468,2.61,51.72413793103448,336.4726756001793,351.2774733265872,134.58907024007172
trip_0503,116.0,2329.8606163117374,2.2574509803921567,51.38539042821158,1032.0758397628645,931.944246524695,412.83033590514594
trip_0505,144.0,1712.7394724191481,6.676666666666667,21.567648527209187,256.5261316653742,685.0957889676594,102.61045266614968
trip_0507,66.0,1217.9697269937021,2.687450980392157,24.55858747993579,453.20630436800525,487.1878907974809,181.2825217472021
trip_0509,168.00000000000003,1774.2759678345355,4.593333333333334,36.574746008708274,386.27198138632855,709.7103871338143,154.5087925545314
trip_0511,96.0,505.0685309750569,2.1216666666666666,45.247446975648074,238.05272473294116,202.02741239002276,95.22108989317647
trip_0513,83.00000000000001,1351.1300863996885,2.4964043209876543,33.24781939456131,541.2304709780103,540.4520345598753,216.49218839120414
trip_0515,96.0,372.25718594900616,1.4964705882352942,64.15094339622641,248.7567673401378,148.90287437960248,99.50270693605512
trip_0517,120.0,1413.005108389113,3.8222222222222224,31.3953488372093,369.6815690552912,565.2020433556452,147.87262762211648
trip_0519,58.8,402.73508198619214,1.0030588235294118,58.62068965517241,401.5069431014114,161.09403279447687,160.60277724056456
trip_0521,96.0,413.2552986234151,0.9443137254901961,101.6611295681063,437.62500477147364,165.30211944936605,175.05000190858948
trip_0523,96.0,753.8118933991984,1.5043137254901962,63.81647549530761,501.10018982480597,301.52475735967937,200.44007592992244
trip_0525,122.0,2713.679911667496,2.989753086419753,40.806045340050375,907.6602091302275,1085.4719646669982,363.06408365209097
trip_0527,132.0,2516.222860640074,5.077254901960784,25.998300764655905,495.5872630441174,1006.4891442560294,198.23490521764697
trip_0529,78.0,1226.1930597760763,3.7011764705882353,21.074380165289256,331.29818843282413,490.47722391043044,132.51927537312966
trip_0531,57.2,1068.8523723567916,2.428351851851852,23.55507088331516,440.1554789276887,427.5409489427167,176.06219157107552
trip_0533,74.0,1189.0171905079796,3.057638888888889,24.201680672268903,388.86776160151965,475.606876203192,155.54710464060787
trip_0535,37.0,913.2399583449954,2.2399131944444446,16.518497275595067,407.71220983476644,365.2959833379982,163.08488393390658
trip_0537,92.0,2079.1807941745337,5.598263888888889,16.433666191155492,371.3974252448463,831.6723176698135,148.55897009793853
trip_0539,49.99999999999999,485.9912294456155,3.4238683127572016,14.603365384615383,141.94214994625546,194.39649177824617,56.776859978502195
trip_0541,59.0,1326.6361424046415,3.7735416666666666,15.635179153094462,351.5626060587578,530.6544569618567,140.62504242350315
trip_0543,132.0,2808.5584042272963,6.878235294117647,19.19096895578551,408.32543292451925,1123.4233616909187,163.33017316980772
trip_0545,49.99999999999999,640.8871587659919,2.767156862745098,18.06908768821966,231.60492539993328,256.3548635063968,92.64197015997331
trip_0547,120.0,617.8823473956843,2.448888888888889,49.00181488203266,252.31130338299263,247.15293895827372,100.92452135319706
trip_0549,132.0,1824.6606074617969,5.234705882352941,25.21631644004944,348.5698429806782,729.8642429847188,139.42793719227126
trip_0551,116.0,1689.9985466339585,3.5103267973856207,33.04535637149028,481.43624345534306,675.9994186535835,192.57449738213722
trip_0553,109.71428571428572,1746.4763364772198,5.569971988795519,19.69745735436112,313.5520860769872,698.590534590888,125.42083443079487
trip_0555,75.19999999999999,1809.783712703158,2.448641975308642,30.71090047393365,739.0969079810216,723.9134850812634,295.63876319240865
trip_0557,96.0,929.1991833919508,3.3333333333333335,28.799999999999997,278.75975501758523,371.6796733567803,111.5039020070341
trip_0559,58.9,615.5274122073664,1.9168477251624882,30.72753209700428,321.114402634768,246.21096488294657,128.44576105390723
trip_0561,11.667226890756302,382.9614150602889,1.1060716286514605,10.548346588530766,346.2356371324715,153.18456602411555,138.4942548529886
trip_0563,132.0,585.838961768115,1.2790196078431373,103.20404721753795,458.0375141832572,234.33558470724603,183.21500567330287
trip_0565,120.0,605.6922500159594,2.7266666666666666,44.009779951100256,222.13652201074302,242.27690000638376,88.85460880429723
trip_0567,96.0,2025.4745997596854,3.517948717948718,27.288629737609327,575.754441622651,810.1898399038743,230.30177664906043
trip_0569,114.0,1998.9939375364524,5.145833333333333,22.153846153846153,388.46845749696246,799.597575014581,155.38738299878497
trip_0571,216.0,328.0269214685706,1.5366666666666666,140.56399132321042,213.4665432550351,131.21076858742825,85.38661730201405
trip_0573,80.0,1800.713149043771,4.054603174603175,19.73066082054494,444.1157547359755,720.2852596175085,177.6463018943902
trip_0575,110.0,410.3123516135857,0.5003472222222223,219.84732824427482,820.0552204352025,164.1249406454343,328.02208817408103
trip_0577,120.0,960.1965381228226,4.693333333333333,25.56818181818182,204.5873305659423,384.07861524912903,81.83493222637692
trip_0579,96.0,926.9276100133126,3.868235294117647,24.817518248175183,239.6254466275291,370.77104400532505,95.85017865101165
trip_0581,63.0,1578.4569914497629,3.7078125,16.991150442477878,425.71111442387195,631.3827965799052,170.28444576954877
trip_0583,18.0,897.7024286358231,2.389090909090909,7.534246575342467,375.75063603478134,359.08097145432924,150.30025441391254
trip_0585,37.0,493.6309646402892,1.3553819444444444,27.29857819905213,364.20063485693174,197.45238585611574,145.6802539427727
trip_0587,120.0,2403.3973370386257,6.2555555555555555,19.182948490230906,384.20206098308404,961.3589348154503,153.68082439323362
trip_0589,115.99999999999997,2030.708989991102,7.784509803921568,14.901387874360847,260.8653648259394,812.2835959964409,104.3461459303758
trip_0591,96.0,896.594437607388,3.0384313725490197,31.595250387196696,295.0846432497212,358.63777504295524,118.0338572998885
trip_0593,120.0,1077.1410676325413,4.024444444444445,29.817780231916068,267.6496302786546,430.85642705301655,107.05985211146185
trip_0595,86.0,678.1337807337826,1.6571345029239766,51.89681335356601,409.22072380801364,271.2535122935131,163.68828952320547
trip_0597,132.0,2145.8490398475337,9.302549019607843,14.18965916995131,230.67323110305887,858.3396159390136,92.26929244122356
trip_0599,147.0,2489.0439381058914,4.351367521367521,33.78248315688162,572.014183100684,995.6175752423567,228.80567324027365
trip_0601,132.0,2983.606698149476,6.009019607843137,21.966977745872217,496.5213783385214,1193.4426792597906,198.6085513354086
trip_0603,66.0,1214.3777396240146,3.018529411764706,21.864951768488744,402.30773796371915,485.75109584960575,160.92309518548765
trip_0605,135.0,2019.068874980502,4.7785714285714285,28.251121076233183,422.52562406168954,807.6275499922008,169.0102496246758
trip_0607,80.0,1707.550921485591,3.5076923076923077,22.80701754385965,486.80179779194486,683.0203685942365,194.72071911677796
trip_0609,204.0,5044.409564399335,8.846666666666664,23.059532780708366,570.2045475960061,2017.763825759734,228.08181903840247
trip_0611,132.0,1447.465085668793,4.415098039215686,29.897410845139227,327.8443814411709,578.9860342675173,131.13775257646836
trip_0613,168.0,766.28804666253,4.66,36.05150214592275,164.43949499195918,306.51521866501196,65.77579799678367
trip_0615,43.99999999999999,709.7138338927425,1.5249019607843137,28.854314002828854,465.4160412566526,283.885533557097,186.16641650266106
trip_0617,31.5,273.1510688509946,1.6078125,19.591836734693878,169.8898776138353,109.26042754039784,67.95595104553412
trip_0619,54.8,784.4016876549958,2.4024248366013072,22.81028699217294,326.50415351378206,313.7606750619983,130.6016614055128
trip_0621,204.0,3208.8018801087474,9.06,22.516556291390728,354.17239294798526,1283.5207520434988,141.66895717919414
trip_0623,84.0,1396.6973910951738,2.670888888888889,31.450203843913805,522.9335435500691,558.6789564380695,209.1734174200277
trip_0625,48.0,2162.6357427729326,2.871372549019608,16.716744059000273,753.1714209329389,865.0542971091731,301.2685683731756
trip_0627,66.0,898.0765599692248,2.3261764705882353,28.372739916550763,386.0741312296579,359.23062398769,154.42965249186318
trip_0629,92.0,1951.7398239985505,7.259375,12.673267326732674,268.8578319756936,780.6959295994202,107.54313279027745
trip_0631,56.0,1661.9170875240006,2.8027450980392157,19.980411361410383,592.960483165832,664.7668350096003,237.18419326633287
trip_0633,50.0,1272.6848256593908,3.4050925925925926,14.683888511216857,373.75924179799915,509.0739302637563,149.50369671919967
trip_0635,70.0,2443.6429198211463,4.06,17.241379310344826,601.8824925667848,977.4571679284586,240.75299702671396
trip_0637,132.0,1234.9706929421814,2.5688235294117647,51.38539042821158,480.75341836540144,493.9882771768725,192.3013673461606
trip_0639,92.0,1698.7295524738363,4.184722222222222,21.984732824427482,405.93603643583214,679.4918209895345,162.37441457433286
trip_0641,56.0,809.4193796116427,1.8913725490196078,29.60812772133527,427.95343520831216,323.76775184465714,171.18137408332487
trip_0643,20.0,372.9230489440408,1.5440740740740742,12.95274646198129,241.51888514005992,149.1692195776163,96.607554056024
trip_0645,23.2,441.50759381722054,1.9027222222222222,12.193056731583404,232.03996288095914,176.60303752688822,92.81598515238366
trip_0647,105.93333333333334,2792.2320555653755,5.161704115512316,20.522937960541956,540.9515913889685,1116.8928222261502,216.38063655558742
trip_0649,23.46666666666667,210.3343925584935,1.183111111111111,19.834710743801654,177.78076005131874,84.13375702339741,71.11230402052749
trip_0651,58.800000000000004,510.4134374030319,1.3085882352941178,44.93392070484582,390.04892726114997,204.16537496121276,156.01957090445998
trip_0653,144.0,2281.734575755763,5.996666666666667,24.013340744858255,380.50048511769256,912.6938303023053,152.20019404707702
trip_0655,132.0,1856.940442484121,5.316666666666666,24.82758620689655,349.26779482459955,742.7761769936484,139.70711792983982
trip_0657,132.0,2599.8372650466845,4.091568627450981,32.26146547179757,635.4133345348201,1039.934906018674,254.1653338139281
trip_0659,116.0,1681.1637421180744,3.9273202614379086,29.536679536679536,428.0689198243666,672.4654968472298,171.22756792974667
trip_0661,63.5,1112.610201004913,2.7073433048433047,23.454727697961907,410.96014643377794,445.0440804019652,164.3840585735112
trip_0663,86.0,925.2936568755331,2.0733040935672515,41.4796846573681,446.28940817046595,370.1174627502133,178.5157632681864
trip_0665,19.0,477.38142755992874,1.9135714285714285,9.929078014184398,249.47144404027637,190.95257102397153,99.78857761611054
trip_0667,78.0,877.3059268787438,2.1526470588235296,36.234458259325045,407.5474998480296,350.92237075149745,163.01899993921185
trip_0669,132.0,2372.086339846228,4.477647058823529,29.47976878612717,529.7617942378596,948.8345359384912,211.90471769514383
trip_0671,76.0,2637.179550226989,4.870031746031746,15.605647758236312,541.5117781061376,1054.8718200907956,216.60471124245504
trip_0673,216.00000000000003,3702.5449069758665,8.093333333333334,26.688632619439872,457.4808369410049,1481.0179627903467,182.99233477640198
trip_0675,48.0,1199.811285244965,2.992156862745098,16.041939711664483,400.9854229848834,479.92451409798605,160.39416919395336
trip_0677,104.0,1132.449940180795,2.8964912280701753,35.90551181102362,390.9730259861013,452.9799760723181,156.38921039444048
trip_0679,29.333333333333336,631.8088650973427,1.3955555555555557,21.019108280254777,452.72928231497497,252.72354603893712,181.09171292598998
trip_0681,44.0,1488.6675754249445,2.3962745098039218,18.36183618361836,621.2425034503902,595.4670301699779,248.49700138015612
trip_0683,96.0,1599.6152625779123,4.691809523809524,20.4611886976291,340.93780970014774,639.8461050311649,136.3751238800591
trip_0685,114.0,813.0140362077777,2.3139285714285713,49.266862170087975,351.3565830192588,325.2056144831111,140.54263320770352
trip_0687,113.99999999999999,842.0487636144178,2.5536904761904764,44.64127546501328,329.73798957443057,336.81950544576716,131.89519582977223
trip_0689,73.19999999999999,1286.547330938163,3.2179139784946234,22.747655931512433,399.80786917741796,514.6189323752652,159.92314767096718
trip_0693,45.0,926.465397797313,6.088333333333333,7.391185327128388,152.17061009537034,370.58615911892525,60.868244038148134
trip_0695,48.0,1038.364945547491,1.6831372549019608,28.518173345759553,616.9223231934068,415.3459782189964,246.76892927736276
trip_0697,85.5,1417.341290143912,3.2422142857142857,26.370866471326913,437.15225621851835,566.9365160575647,174.86090248740737
trip_0699,9.600000000000001,368.85578036282055,1.7611666666666668,5.450932147250875,209.43831571656318,147.54231214512822,83.77532628662527
trip_0701,91.99999999999999,619.5212422772194,1.020625,90.14084507042253,607.0018295428972,247.80849691088775,242.80073181715886
trip_0703,52.8,486.5420099720045,1.0180392156862745,51.86440677966102,477.92069546556684,194.6168039888018,191.16827818622676
trip_0705,138.0,1087.1168661392016,3.5437037037037036,38.94230769230769,306.77419926587004,434.8467464556807,122.70967970634803
trip_0707,88.0,656.68059465886,3.2543703703703706,27.040560841261893,201.7842224221471,262.67223786354407,80.71368896885885
trip_0709,43.2,970.5799048335779,2.9643870967741934,14.572995560198486,327.4133482397592,388.2319619334312,130.9653392959037
trip_0711,132.0,1235.8630936050192,2.8416666666666672,46.4516129032258,434.90783352669297,494.3452374420078,173.96313341067722
trip_0713,96.0,911.2768002612505,2.2823529411764705,42.0618556701031,399.2707630010634,364.51072010450025,159.70830520042537
trip_0715,82.5,1828.8041297302811,2.811111111111111,29.34782608695652,650.5627338961474,731.5216518921125,260.225093558459
trip_0717,27.1,467.92802167146726,2.886104377104377,9.389819791337338,162.1313578897443,187.17120866858693,64.85254315589772
trip_0719,92.0,1286.5041717903991,1.7920833333333333,51.336898395721924,717.8818907921316,514.6016687161597,287.1527563168526
trip_0721,66.0,809.6568534600035,2.206470588235294,29.912023460410555,366.94658781178504,323.8627413840014,146.77863512471407
trip_0723,96.0,718.7413411171195,1.5670588235294118,61.261261261261254,458.65626122338705,287.4965364468478,183.46250448935484
trip_0725,35.0,871.4894770848219,3.1467592592592593,11.122554067971166,276.94825224410994,348.5957908339288,110.77930089764398
trip_0727,52.8,1400.15152492531,3.1904313725490194,16.549486208761493,438.85962787742034,560.060609970124,175.54385115096812
trip_0729,48.0,521.7311199364025,2.058333333333333,23.319838056680165,253.47260887598497,208.692447974561,101.38904355039402
trip_0731,120.0,1301.0485284076135,3.164444444444445,37.921348314606746,411.1459534995969,520.4194113630454,164.45838139983874
trip_0733,132.0,2381.820524703539,4.982352941176471,26.493506493506494,478.0513449818201,952.7282098814156,191.22053799272805
trip_0735,122.0,1690.4683431781618,4.494043209876543,27.147046501885207,376.157563296905,676.1873372712648,150.463025318762
trip_0737,120.0,1638.041781148196,3.117777777777778,38.48895224518888,525.3875990853087,655.2167124592784,210.1550396341235
trip_0739,96.0,3004.843020531753,7.582745098039216,12.660322714108398,396.2737744288359,1201.9372082127013,158.50950977153437
trip_0741,87.99999999999999,829.6607456410175,2.822614379084967,31.17677024961793,293.9334369542807,331.864298256407,117.5733747817123
trip_0743,83.99999999999999,2405.45431612398,4.58843137254902,18.306909961112773,524.2432807244262,962.1817264495919,209.69731228977048
trip_0745,78.0,2685.225481598469,4.733529411764706,16.478190630048463,567.2776585954265,1074.0901926393876,226.91106343817063
trip_0747,38.2,991.8914747509535,1.4516,26.31578947368421,683.3090897981218,396.7565899003815,273.3236359192487
trip_0749,108.0,1743.695316835174,4.727647058823529,22.84434490481523,368.8294187656833,697.4781267340697,147.5317675062733
trip_0751,92.0,1940.1752763139282,3.4563888888888887,26.617375231053604,561.3301450397928,776.0701105255712,224.53205801591713
trip_0753,58.8,1025.5763940156442,2.408686274509804,24.41164738731552,425.78247107932765,410.2305576062577,170.3129884317311
trip_0755,22.6,294.25007746266317,2.0734104938271605,10.89991589571068,141.91597772784877,117.70003098506528,56.7663910911395
trip_0757,75.0,1303.5574076311343,1.8472222222222223,40.6015037593985,705.6852131536966,521.4229630524537,282.27408526147866
trip_0759,96.0,1836.0016876303075,5.333333333333333,18.0,344.2503164306826,734.400675052123,137.70012657227306
trip_0761,132.0,1998.7752254615416,6.095294117647059,21.656050955414013,327.9210464470778,799.5100901846166,131.16841857883114
trip_0763,96.0,261.0939226434158,0.8721568627450981,110.07194244604317,299.3657836064345,104.43756905736632,119.74631344257381
trip_0765,84.0,1430.5474076128157,3.6866666666666665,22.78481012658228,388.0327507087204,572.2189630451263,155.21310028348816
trip_0767,114.0,1215.3777929917487,2.7934523809523806,40.80971659919029,435.0809060784441,486.15111719669954,174.03236243137766
trip_0769,18.0,120.3467486147878,1.86625,9.645010046885465,64.48586663886822,48.13869944591512,25.794346655547287
trip_0771,84.0,933.5164560923164,3.535,23.762376237623762,264.07820540093815,373.4065824369266,105.63128216037526
trip_0773,116.0,1719.2420600523178,2.9644444444444447,39.1304347826087,579.9542181585781,687.6968240209272,231.9816872634312
trip_0775,60.0,1209.4114510792826,3.546078431372549,16.920099529997238,341.0560354163307,483.7645804317131,136.42241416653232
trip_0777,26.0,472.1852909247758,4.1513333333333335,6.263048016701461,113.74304422469305,188.87411636991035,45.497217689877225
trip_0779,132.0,497.00672644777603,1.6629411764705881,79.37743190661479,298.87210292225654,198.8026905791104,119.54884116890263
trip_0781,83.25,1840.235390311497,3.248544776119403,25.626859328516787,566.4799216681191,736.0941561245988,226.59196866724767
trip_0783,108.00000000000003,1015.2830236267041,2.6060000000000008,41.44282425172679,389.5944066104006,406.11320945068167,155.83776264416028
trip_0785,88.0,1533.8503711926287,3.2843304843304844,26.793893129770996,467.0207150317598,613.5401484770515,186.80828601270395
trip_0787,46.0,515.6359702426023,1.653125,27.826086956521742,311.91589882350235,206.25438809704093,124.76635952940093
trip_0789,135.0,2019.3141939771763,5.095714285714286,26.492851135407907,396.2769654566928,807.7256775908704,158.51078618267712
trip_0791,78.0,1461.1329848673968,3.3940196078431373,22.981599699586933,430.5022226421171,584.4531939469589,172.20088905684682
trip_0793,116.0,1018.2367839308383,5.17640522875817,22.4093738557305,196.7073169376106,407.2947135723353,78.68292677504425
trip_0795,116.0,2918.3196426077375,3.764313725490196,30.815709969788514,775.259411256353,1167.3278570430953,310.1037645025412
trip_0797,56.0,1548.94778241928,5.28162962962963,10.602788140585117,293.2708067467993,619.579112967712,117.3083226987197
trip_0799,48.0,943.9595452643041,3.2705882352941176,14.676258992805755,288.62072427145984,377.58381810572166,115.44828970858394
trip_0801,204.0,2745.216362293263,8.726666666666667,23.376623376623375,314.5778871993808,1098.0865449173052,125.83115487975232
trip_0803,26.0,173.5158360293302,1.5631597222222222,16.63297718740976,111.0032670126993,69.40633441173208,44.40130680507971
trip_0805,96.0,983.6534606557914,2.516078431372549,38.15461346633416,390.94705808482985,393.4613842623166,156.37882323393194
trip_0807,48.0,1023.5198756286911,2.1694117647058824,22.12581344902386,471.7960381151776,409.40795025147645,188.71841524607106
trip_0809,96.0,2568.2720458129334,3.5325490196078433,27.175843694493786,727.030830020313,1027.3088183251734,290.8123320081252
trip_0811,204.0,1603.315584251947,4.81,42.41164241164242,333.32964329562316,641.3262337007789,133.33185731824926
trip_0813,96.0,1158.845636891424,3.24078431372549,29.62245885769603,357.58184584621625,463.5382547565696,143.03273833848652
trip_0815,56.0,1433.3842132598086,3.063529411764706,18.27956989247312,467.88655194732615,573.3536853039234,187.15462077893045
trip_0817,120.0,527.5318114833041,2.6862745098039214,44.67153284671533,196.38045536969716,211.01272459332165,78.55218214787887
trip_0819,54.0,452.9729460959609,0.9123529411764706,59.187620889748544,496.4887223488933,181.18917843838435,198.59548893955733
trip_0821,31.5,287.14214174382505,0.886484375,35.53362122146823,323.91111433162604,114.85685669753003,129.56444573265043
trip_0823,204.0,337.38138127892813,1.0466666666666666,194.9044585987261,322.33889931107785,134.95255251157124,128.93555972443113
trip_0825,120.0,2434.743863339029,6.206666666666667,19.33404940923738,392.27881793861906,973.8975453356117,156.91152717544762
trip_0827,40.0,1277.7351797034553,2.4125925925925924,16.579674547129258,529.6108359225252,511.09407188138215,211.84433436901008
trip_0829,80.0,2221.763019529796,5.726984126984127,13.968957871396896,387.94642525049096,888.7052078119185,155.1785701001964
trip_0831,96.0,813.8409453769254,1.7788235294117647,53.96825396825397,457.5164044777689,325.53637815077025,183.0065617911076
trip_0833,132.0,481.7599997791832,2.8233333333333333,46.753246753246756,170.635182920608,192.70399991167332,68.2540731682432
trip_0835,204.0,2428.476073954845,7.003333333333333,29.128986197049027,346.7600295985024,971.3904295819381,138.70401183940095
trip_0837,204.0,5418.447970013927,12.33,16.54501216545012,439.4523901065635,2167.3791880055715,175.7809560426254
trip_0839,28.5,246.2834149333048,2.2003385416666665,12.952552282437598,111.9297827445931,98.51336597332192,44.771913097837235
trip_0841,74.0,1641.9617901921479,2.1249305555555558,34.82466747279323,772.7131533307274,656.7847160768592,309.085261332291
trip_0843,168.0,518.2453775204443,2.42,69.42148760330579,214.1509824464646,207.29815100817774,85.66039297858585
trip_0845,42.800000000000004,804.8160438132734,3.5851604938271606,11.93809874723655,224.48535991596066,321.9264175253094,89.79414396638427
trip_0847,132.0,2139.071548506864,4.566078431372549,28.908833254605575,468.4701720867869,855.6286194027456,187.38806883471477
trip_0849,39.0,345.62598318019184,0.806,48.38709677419355,428.8163563029676,138.25039327207674,171.52654252118705
trip_0851,113.99999999999999,699.1400960688419,2.2777380952380955,50.04965243296921,306.94490184384426,279.65603842753677,122.77796073753773
trip_0853,70.0,777.83446726374,3.1707407407407406,22.076860179885525,245.31632538396187,311.133786905496,98.12653015358475
trip_0855,41.4,432.36951205894024,1.79615625,23.04921968787515,240.7193205262294,172.9478048235761,96.28772821049175
trip_0857,110.0,300.6574610501897,2.7633680555555555,39.80649619903249,108.80109164095575,120.26298442007588,43.5204366563823
trip_0859,88.0,2146.201344215425,3.8817777777777778,22.670025188916874,552.8913469755788,858.4805376861699,221.15653879023154
trip_0861,108.0,1119.1204883316473,2.5164705882352942,42.917251051893416,444.71828662080424,447.648195332659,177.8873146483217
trip_0863,92.0,819.3760956498645,1.5620833333333333,58.895705521472394,524.5405787035676,327.7504382599459,209.81623148142705
trip_0867,83.00000000000001,1343.0958083993978,2.6667592592592593,31.12391930835735,503.6434405303113,537.2383233597591,201.4573762121245
trip_0869,45.99999999999999,881.1534025532465,2.5228125,18.233618233618234,349.2742336393397,352.46136102129856,139.70969345573587
trip_0871,116.0,678.7277606539084,2.4090849673202612,48.15106215578285,281.7367464663935,271.49110426156335,112.69469858655742
trip_0873,63.6,650.4798431889833,1.2044509803921568,52.80414150129422,540.0633598033137,260.1919372755933,216.0253439213255
trip_0875,68.0,401.8008018186538,3.312222222222222,20.530023482053004,121.30852788889243,160.7203207274615,48.523411155556985
trip_0877,81.0,1394.5904845026942,3.00796875,26.928471248246844,463.63197240752385,557.8361938010777,185.45278896300957
trip_0879,25.0,354.0558223981533,1.571078431372549,15.912636505460217,225.35846417854373,141.62232895926132,90.14338567141749
trip_0881,23.333333333333336,439.93668106296224,1.7293402777777778,13.492621222768797,254.39567141076822,175.9746724251849,101.7582685643073
trip_0883,144.0,513.0861127489089,1.1242105263157895,128.08988764044943,456.3968231380744,205.23444509956357,182.55872925522976
trip_0885,29.999999999999996,83.20462106811348,3.4616666666666664,8.666345690900336,24.03600030855469,33.28184842724539,9.614400123421877
trip_0887,22.0,401.43331912428374,1.3778518518518519,15.96688350088705,291.347229083266,160.5733276497135,116.5388916333064
trip_0889,65.99999999999999,1911.697105987566,4.980119047619048,13.252695240599525,383.86574451498944,764.6788423950263,153.54629780599578
trip_0891,90.0,1472.385071195013,2.958823529411765,30.41749502982107,497.62517316730066,588.9540284780053,199.05006926692027
trip_0893,78.0,1290.7912207507704,2.0787254901960783,37.5229920294298,620.9531883062708,516.3164883003083,248.38127532250832
trip_0895,122.0,668.4031387119281,2.014506172839506,60.560747663551396,331.79503132015424,267.3612554847713,132.7180125280617
trip_0897,120.00000000000001,2393.9115690641556,8.495555555555555,14.125032696834946,281.78399321968874,957.5646276256624,112.7135972878755
trip_0899,96.0,747.4880794836433,1.7066666666666668,56.25,437.98129657244726,298.9952317934573,175.19251862897895
trip_0901,66.0,172.47729430232422,0.4033333333333333,163.63636363636363,427.6296552950188,68.99091772092969,171.0518621180075
trip_0903,46.0,796.7186353589432,2.8366666666666673,16.216216216216218,280.8643837928119,318.68745414357727,112.34575351712476
trip_0905,116.0,2331.208338118502,3.1407189542483662,36.93421846710923,742.2530866587535,932.4833352474008,296.90123466350144
trip_0907,78.0,1268.3860416522016,2.86,27.27272727272727,443.4916229553152,507.3544166608807,177.3966491821261
trip_0909,54.8,995.6501190574788,2.2985555555555557,23.841059602649008,433.1633910918601,398.2600476229916,173.26535643674404
trip_0911,44.0,823.6247101997762,2.080653594771242,21.147201105736006,395.84903141473194,329.44988407991053,158.3396125658928
trip_0913,143.99999999999997,496.94056858086,1.3936842105263159,103.32326283987915,356.5661179394388,198.776227432344,142.62644717577552
trip_0915,126.0,1680.7528787454378,3.9090625,32.23279238947958,429.96316348112566,672.3011514981752,171.9852653924503
trip_0917,70.4,577.1614156167776,1.1757777777777776,59.87525987525987,490.8762748583443,230.86456624671106,196.35050994333773
trip_0919,132.0,1647.0731208984112,4.240392156862745,31.129196337741607,388.4247163868443,658.8292483593646,155.36988655473775
trip_0921,68.0,459.3644080375579,1.0697076023391814,63.56877323420075,429.429880682388,183.74576321502315,171.77195227295522
trip_0923,132.0,439.2219674837484,1.4580392156862745,90.53254437869822,301.2415322978909,175.68878699349938,120.49661291915638
trip_0925,39.0,622.4988529688126,1.562549019607843,24.95921696574225,398.3867674916482,248.99954118752504,159.3547069966593
trip_0927,116.0,1167.3096218827611,7.193137254901961,16.126482213438734,162.28101599024347,466.9238487531044,64.91240639609738
trip_0929,56.0,530.8633107896858,1.5949019607843138,35.111876075731494,332.85012109999974,212.34532431587434,133.1400484399999
trip_0931,108.0,1267.2739327785225,2.793529411764706,38.66077068856602,453.64617513655264,506.909573111409,181.45847005462105
trip_0933,48.0,1077.425180856611,2.1349019607843136,22.483468038207203,504.67197119477555,430.97007234264447,201.86878847791027
trip_0935,49.99999999999999,1019.6620094514542,2.441666666666667,20.477815699658706,417.6090141098106,407.86480378058167,167.04360564392425
trip_0937,27.095238095238095,269.58799974957014,1.869383267195767,14.494212380473074,144.21226747898248,107.83519989982808,57.68490699159301
trip_0939,138.0,2104.0858601112645,6.4463888888888885,21.407333994053516,326.39759970700874,841.6343440445057,130.55903988280352
trip_0941,9.0,81.07604219474554,0.310625,28.9738430583501,261.0093913714142,32.43041687789822,104.40375654856568
trip_0943,102.0,1743.188444900076,3.92,26.02040816326531,444.690929821448,697.2753779600305,177.8763719285792
trip_0945,78.0,1240.2965550418396,2.763137254901961,28.228782287822877,448.872582366831,496.1186220167359,179.5490329467324
trip_0947,34.0,418.63317264463495,2.181037037037037,15.58891454965358,191.94225752963496,167.45326905785402,76.776903011854
trip_0949,7.833333333333333,187.3455507201129,1.4469285714285713,5.413766434648105,129.47809202160144,74.93822028804516,51.79123680864057
trip_0951,116.0,2048.2620026103396,5.166928104575163,22.450476889214965,396.41774786776375,819.3048010441358,158.56709914710552
trip_0953,52.800000000000004,207.40239665783827,2.1801568627450982,24.218440838939454,95.13186881272935,82.9609586631353,38.052747525091746
trip_0955,78.0,766.5312221067472,1.8918095238095238,41.2303664921466,405.18414378377196,306.6124888426989,162.07365751350878
trip_0957,41.99999999999999,496.9994868421062,1.4194444444444445,29.589041095890412,350.1366247811316,198.79979473684247,140.05464991245265
trip_0959,57.2,510.7533144605327,1.8934259259259258,30.209790209790214,269.75088249663816,204.30132578421308,107.90035299865525
trip_0961,80.0,910.2344218633709,3.152490421455939,25.376762275157997,288.735031728658,364.09376874534837,115.4940126914632
trip_0963,116.0,2762.6612790519303,6.321241830065359,18.350824587706146,437.0440735097402,1105.064511620772,174.8176294038961
trip_0967,123.0,2027.0082974643951,4.346,28.30188679245283,466.4077996926818,810.8033189857581,186.56311987707275
trip_0969,78.0,2083.6786291705776,6.057745098039216,12.876078266358089,343.9693475786934,833.471451668231,137.58773903147738
trip_0971,132.0,2344.509128556655,5.0729411764705885,26.02040816326531,462.1597308147394,937.8036514226619,184.8638923258958
trip_0973,40.0,1257.34722881817,3.2437037037037038,12.331582553094314,387.6270287518907,502.93889152726797,155.0508115007563
trip_0975,114.0,2004.8729058306164,4.487619047619048,25.403225806451612,446.7564836846662,801.9491623322467,178.7025934738665
trip_0977,66.0,686.4563968159539,1.5238235294117648,43.31210191082803,450.4828699429151,274.5825587263816,180.19314797716606
trip_0979,40.0,785.4391154940356,2.671111111111111,14.97504159733777,294.0495856674842,314.17564619761424,117.61983426699368
trip_0981,72.8,1550.230708262437,2.1804313725490196,33.387888707037646,710.9743181002526,620.0922833049748,284.389727240101
